peer,family,weight_class,both,kozuchi_only,peer_only,neither,kozuchi_resolved,peer_resolved,gap,mcnemar_p,significant_05,holm_p,bh_fdr_q,sig_05_holm,sig_05_bh,cohens_h,odds_ratio,odds_ratio_lo,odds_ratio_hi,risk_diff,risk_diff_lo,risk_diff_hi
Skywork-SWE-32B,Other-32B,open,176,198,14,112,374,190,184,8.952669222122511e-43,True,1.9695872288669524e-41,7.162135377698009e-42,True,True,0.7613519501941948,14.142857142857142,8.232024946015425,26.344252135204712,0.368,,
SWE-agent + Devstral-Small (2507),Devstral,open,180,194,10,116,374,190,184,2.253504595066806e-45,True,5.408411028160335e-44,5.408411028160335e-44,True,True,0.7613519501941948,19.4,10.325130700872192,41.09827801289349,0.368,,
SWE-agent + SWE-agent-LM-32B,Other-32B,open,192,182,9,117,374,201,173,5.158322401431159e-43,True,1.1864141523291666e-41,6.189986881717391e-42,True,True,0.7162632253403258,20.22222222222222,10.420463034351036,44.935098978339745,0.346,,
DeepSWE-Preview,DeepSeek-32B,open,199,175,12,114,374,211,163,2.911564893315428e-38,True,6.114286275962399e-37,1.7469389359892567e-37,True,True,0.6756258664411632,14.583333333333334,8.139887977725634,28.766504363867455,0.326,,
Frogmini-14B,Other-14B,open,214,160,11,115,374,225,149,4.7269351796416056e-35,True,9.453870359283211e-34,2.268928886227971e-34,True,True,0.6191535203167913,14.545454545454545,7.913995138159146,29.725164661549588,0.298,,
OpenHands + Devstral-Small,Devstral,open,218,156,16,110,374,234,140,5.075516264680589e-30,True,9.135929276425061e-29,1.7401770050333447e-29,True,True,0.5830298705494252,9.75,5.818145247529828,17.480986857270143,0.27999999999999997,,
Skywork-SWE-32B +TTS(Bo8),Other-32B,open,220,154,15,111,374,235,139,3.124037274738944e-30,True,5.935670822003993e-29,1.2496149098955775e-29,True,True,0.5790221576005099,10.266666666666667,6.034072366207582,18.790165410352476,0.278,,
OpenHands (Qwen3-Coder-30B-A3B),Qwen-30B,open,245,129,13,113,374,258,116,3.464775561680408e-25,True,5.8901184548566935e-24,1.0394326685041225e-24,True,True,0.48698063530378066,9.923076923076923,5.602239041089006,19.140761026721197,0.23199999999999998,,
EntroPO+R2E (Qwen3-Coder-30B-A3B),Qwen-30B,open,249,125,12,114,374,261,113,7.0458837577401e-25,True,1.127341401238416e-23,1.87890233539736e-24,True,True,0.474971889438909,10.416666666666666,5.756499412883375,20.700843423687836,0.22599999999999998,,
Frogboss-32B,Other-32B,open,254,120,14,112,374,268,106,3.544310912344032e-22,True,5.3164663685160484e-21,8.506346189625677e-22,True,True,0.44692374558702785,8.571428571428571,4.9143403814989215,16.150531424003105,0.21199999999999997,,
DeepSWE-Preview +TTS(Bo16),DeepSeek-32B,open,276,98,18,108,374,294,80,1.6491055825052547e-14,True,2.308747815507357e-13,3.598048543647828e-14,True,True,0.3420645656889272,5.444444444444445,3.271516959980721,9.566849725814182,0.16000000000000003,,
EntroPO+R2E (Qwen3-Coder-30B-A3B) +TTS,Qwen-30B,open,285,89,17,109,374,302,72,5.912079008704513e-13,True,7.685702711315867e-12,1.1824158017409027e-12,True,True,0.3094563059876101,5.235294117647059,3.093051694162474,9.385099308497885,0.14400000000000002,,
Z.AI GLM-4.5,GLM,open,299,75,22,104,374,321,53,6.073393488182724e-08,True,7.288072185819269e-07,1.121241874741426e-07,True,True,0.2310227762805075,3.409090909090909,2.0959362215196085,5.760136384470571,0.10599999999999998,,
OpenHands + Kimi-K2,Kimi-K2,open,302,72,25,101,374,327,47,1.9187392502875323e-06,True,2.1106131753162854e-05,3.289267286207198e-06,True,True,0.20589597946409666,2.88,1.804800154096044,4.7389400254167615,0.09399999999999997,,
Z.AI GLM-4.6,GLM,open,319,55,22,104,374,341,33,0.0002168038584174,True,0.0021680385841739997,0.00034688617346784,True,True,0.14642717540955918,2.5,1.4997789416061933,4.3053370348460245,0.06599999999999995,,
OpenHands (Qwen3-Coder-480B-A35B),Qwen-480B,open,316,58,32,94,374,348,26,0.008045928133225,True,0.0643674250658,0.011358957364552941,False,True,0.11618151551151845,1.8125,1.157620418526735,2.8844842473667436,0.052000000000000046,,
OpenHands + Claude-4-Sonnet,Frontier,closed,318,56,34,92,374,352,22,0.0263016651311222,True,0.1578099907867332,0.033223155955101724,False,True,0.09872373591043737,1.6470588235294117,1.0568767103993708,2.6014681782337505,0.04400000000000004,,
Lingxi v1.5 + Kimi-K2,Kimi-K2,open,326,48,30,96,374,356,18,0.0535443921685022,False,0.267721960842511,0.06425327060220264,False,False,0.08112866376500527,1.6,0.9933460957287252,2.6153076966611652,0.03600000000000003,,
OpenHands + GPT-5,Frontier,closed,325,49,34,92,374,359,15,0.1238530594618014,False,0.4354278576388644,0.13511242850378333,False,False,0.06783694412743779,1.4411764705882353,0.9117813646425703,2.301996966368177,0.030000000000000027,-0.006000000000000005,0.06400000000000006
Sonar + Claude-Sonnet-4.5,Frontier,closed,338,36,36,90,374,374,0,1.0,False,1.0,1.0,False,False,0.0,1.0,0.6122716213062205,1.6332620444935853,0.0,,
live-SWE + Gemini-3-Pro,Frontier,closed,349,25,38,88,374,387,-13,0.1299179230225525,False,0.4354278576388644,0.13556652837135913,False,False,-0.06098528442359186,0.6578947368421053,0.38062644893735165,1.1186128886771896,-0.026000000000000023,-0.05600000000000005,0.0040000000000000036
OpenHands + Claude-Opus-4.5,Frontier,closed,348,26,40,86,374,388,-14,0.1088569644097161,False,0.4354278576388644,0.12440795932538981,False,False,-0.06577476967815032,0.65,0.3808516341917354,1.0916550146345676,-0.028000000000000025,,
Sonar + Claude-Opus-4.5,Frontier,closed,354,20,42,84,374,396,-22,0.007148733833163,True,0.064338604498467,0.0107231007497445,False,True,-0.10466151108832378,0.47619047619047616,0.2648542629140607,0.8293580375614397,-0.04400000000000004,,
live-SWE + Claude-Opus-4.5,Frontier,closed,352,22,44,82,374,396,-22,0.0092104896945545,True,0.0644734278618815,0.012280652926072666,False,True,-0.10466151108832378,0.5,0.2853978693281571,0.8523274775808761,-0.04400000000000004,,
